
[
    {
        "model": "courses.course",
        "pk": 1,
        "fields": {
            "name": "Fisika",
            "description": "Ini course untuk pelajaran kelas 10 Fisika ",
            "image_banner": "courses-banner/fisika_banner.jpg",
            "jenjang_kelas" : "SMA Kelas 1"
        }
    },
    {
        "model": "courses.course",
        "pk": 2,
        "fields": {
            "name": "Kimia",
            "description": "Ini course untuk pelajaran Kimia Kelas 10",
            "image_banner": "courses-banner/kimia_banner.png",
            "jenjang_kelas" : "SMA Kelas 1"
        }
    },
    {
        "model": "courses.course",
        "pk": 3,
        "fields": {
            "name": "Matematika",
            "description": "Ini course untuk pelajaran Matematika Kelas 10",
            "image_banner": "courses-banner/matematika_banner.jpg",
            "jenjang_kelas" : "SMA Kelas 1"
        }
    },
    {
        "model": "courses.course",
        "pk": 4,
        "fields": {
            "name": "Bahasa Korea",
            "description": "Ini course untuk pelajaran Bahasa Korea Kelas 10",
            "image_banner": "courses-banner/bahasa_korea_banner.jpg",
            "jenjang_kelas" : "SMA Kelas 1"
        }
    },
    {
        "model": "courses.course",
        "pk": 5,
        "fields": {
            "name": "Bahasa Indonesia",
            "description": "Ini course untuk pelajaran Bahasa Indonesia Kelas 10",
            "image_banner": "courses-banner/bahasa_indonesia_banner.jpg",
            "jenjang_kelas" : "SMA Kelas 1"
        }
    },
    {
        "model": "courses.course",
        "pk": 6,
        "fields": {
            "name": "Bahasa Inggris",
            "description": "Ini course untuk pelajaran Bahasa Inggris Kelas 10",
            "image_banner": "courses-banner/english_banner.jpg",
            "jenjang_kelas" : "SMA Kelas 1"
        }
    },
    {
        "model": "courses.course",
        "pk": 7,
        "fields": {
            "name": "Seni Budaya",
            "description": "Ini course untuk pelajaran Seni Budaya Kelas 10",
            "image_banner": "courses-banner/seni_budaya_banner.jpg",
            "jenjang_kelas" : "SMA Kelas 1"
        }
    },
    {
        "model": "courses.course",
        "pk": 8,
        "fields": {
            "name": "Pendidikan Kewarganegaraan",
            "description": "Ini course untuk pelajaran Pendidikan Kewarganegaraan Kelas 10",
            "image_banner": "courses-banner/pkn_banner.jpeg",
            "jenjang_kelas" : "SMA Kelas 1"
        }
    },
    {
        "model": "courses.course",
        "pk": 9,
        "fields": {
            "name": "Ekonomi",
            "description": "Ini course untuk pelajaran Ekonomi Kelas 10",
            "image_banner": "courses-banner/ekonomi_banner.png",
            "jenjang_kelas" : "SMA Kelas 1"
        }
    },
    {
        "model": "courses.course",
        "pk": 10,
        "fields": {
            "name": "Sejarah",
            "description": "Ini course untuk pelajaran Sejarah Kelas 10",
            "image_banner": "courses-banner/sejarah_banner.jpeg",
            "jenjang_kelas" : "SMA Kelas 1"
        }
    },
    {
        "model": "courses.course",
        "pk": 11,
        "fields": {
            "name": "Sosiologi",
            "description": "Ini course untuk pelajaran Sosiologi Kelas 10",
            "image_banner": "courses-banner/sosiologi_banner.jpg",
            "jenjang_kelas" : "SMA Kelas 1"
        }
    },
    {
        "model": "courses.course",
        "pk": 12,
        "fields": {
            "name": "Geografi",
            "description": "Ini course untuk pelajaran Geografi Kelas 10",
            "image_banner": "courses-banner/geografi_banner.jpg",
            "jenjang_kelas" : "SMA Kelas 1"
        }
    },
    {
        "model": "courses.course",
        "pk": 13,
        "fields": {
            "name": "Fisika",
            "description": "Ini course untuk pelajaran kelas 11 Fisika ",
            "image_banner": "courses-banner/fisika_banner.jpg",
            "jenjang_kelas" : "SMA Kelas 2"
        }
    },
    {
        "model": "courses.course",
        "pk": 14,
        "fields": {
            "name": "Kimia",
            "description": "Ini course untuk pelajaran Kimia Kelas 11",
            "image_banner": "courses-banner/kimia_banner.png",
            "jenjang_kelas" : "SMA Kelas 2"
        }
    },
    {
        "model": "courses.course",
        "pk": 15,
        "fields": {
            "name": "Matematika",
            "description": "Ini course untuk pelajaran Matematika Kelas 11",
            "image_banner": "courses-banner/matematika_banner.jpg",
            "jenjang_kelas" : "SMA Kelas 2"
        }
    },
    {
        "model": "courses.course",
        "pk": 16,
        "fields": {
            "name": "Bahasa Korea",
            "description": "Ini course untuk pelajaran Bahasa Korea Kelas 11",
            "image_banner": "courses-banner/bahasa_korea_banner.jpg",
            "jenjang_kelas" : "SMA Kelas 2"
        }
    },
    {
        "model": "courses.course",
        "pk": 17,
        "fields": {
            "name": "Bahasa Indonesia",
            "description": "Ini course untuk pelajaran Bahasa Indonesia Kelas 11",
            "image_banner": "courses-banner/bahasa_indonesia_banner.jpg",
            "jenjang_kelas" : "SMA Kelas 2"
        }
    },
    {
        "model": "courses.course",
        "pk": 18,
        "fields": {
            "name": "Bahasa Inggris",
            "description": "Ini course untuk pelajaran Bahasa Inggris Kelas 11",
            "image_banner": "courses-banner/english_banner.jpg",
            "jenjang_kelas" : "SMA Kelas 2"
        }
    },
    {
        "model": "courses.course",
        "pk": 19,
        "fields": {
            "name": "Seni Budaya",
            "description": "Ini course untuk pelajaran Seni Budaya Kelas 11",
            "image_banner": "courses-banner/seni_budaya_banner.jpg",
            "jenjang_kelas" : "SMA Kelas 2"
        }
    },
    {
        "model": "courses.course",
        "pk": 20,
        "fields": {
            "name": "Pendidikan Kewarganegaraan",
            "description": "Ini course untuk pelajaran Pendidikan Kewarganegaraan Kelas 11",
            "image_banner": "courses-banner/pkn_banner.jpeg",
            "jenjang_kelas" : "SMA Kelas 2"
        }
    },
    {
        "model": "courses.course",
        "pk": 21,
        "fields": {
            "name": "Ekonomi",
            "description": "Ini course untuk pelajaran Ekonomi Kelas 11",
            "image_banner": "courses-banner/ekonomi_banner.png",
            "jenjang_kelas" : "SMA Kelas 2"
        }
    },
    {
        "model": "courses.course",
        "pk": 22,
        "fields": {
            "name": "Sejarah",
            "description": "Ini course untuk pelajaran Sejarah Kelas 11",
            "image_banner": "courses-banner/sejarah_banner.jpeg",
            "jenjang_kelas" : "SMA Kelas 2"
        }
    },
    {
        "model": "courses.course",
        "pk": 23,
        "fields": {
            "name": "Sosiologi",
            "description": "Ini course untuk pelajaran Sosiologi Kelas 11",
            "image_banner": "courses-banner/sosiologi_banner.jpg",
            "jenjang_kelas" : "SMA Kelas 2"
        }
    },
    {
        "model": "courses.course",
        "pk": 24,
        "fields": {
            "name": "Geografi",
            "description": "Ini course untuk pelajaran Geografi Kelas 11",
            "image_banner": "courses-banner/geografi_banner.jpg",
            "jenjang_kelas" : "SMA Kelas 2"
        }
    },
    {
        "model": "courses.course",
        "pk": 25,
        "fields": {
            "name": "Biologi",
            "description": "Ini course untuk pelajaran Biologi Kelas 10",
            "image_banner": "courses-banner/biologi_banner.jpg",
            "jenjang_kelas" : "SMA Kelas 1"
        }
    },
    {
        "model": "courses.course",
        "pk": 26,
        "fields": {
            "name": "Biologi",
            "description": "Ini course untuk pelajaran Biologi Kelas 11",
            "image_banner": "courses-banner/biologi_banner.jpg",
            "jenjang_kelas" : "SMA Kelas 2"
        }
    },





    {
        "model": "courses.courseparticipant",
        "pk": 1,
        "fields": {
            "course": 1,
            "participant": 1,
            "is_participating": true
        }
    },
    {
        "model": "courses.courseparticipant",
        "pk": 2,
        "fields": {
            "course": 2,
            "participant": 1,
            "is_participating": true
        }
    },
    {
        "model": "courses.courseparticipant",
        "pk": 3,
        "fields": {
            "course": 1,
            "participant": 3,
            "is_participating": true
        }
    },
    {
        "model": "courses.courseparticipant",
        "pk": 4,
        "fields": {
            "course": 2,
            "participant": 3,
            "is_participating": true
        }
    },
    {
        "model": "courses.courseparticipant",
        "pk": 5,
        "fields": {
            "course": 1,
            "participant": 4,
            "is_participating": true
        }
    },
    {
        "model": "courses.courseparticipant",
        "pk": 6,
        "fields": {
            "course": 2,
            "participant": 4,
            "is_participating": true
        }
    },



    {
        "model": "courses.courseinstructor",
        "pk": 1,
        "fields": {
            "course_participant" : 1,
            "is_owner" : true
        }
    },
    {
        "model": "courses.courseinstructor",
        "pk": 2,
        "fields": {
           "course_participant" : 2,
            "is_owner" : true
        }
    },
    {
        "model": "courses.courseinstructor",
        "pk": 3,
        "fields": {
           "course_participant" : 3,
            "is_owner" : false
        }
    },
    {
        "model": "courses.courseinstructor",
        "pk": 4,
        "fields": {
           "course_participant" : 4,
            "is_owner" : false
        }
    },
    {
        "model": "courses.courseinstructor",
        "pk": 5,
        "fields": {
           "course_participant" : 5,
            "is_owner" : false
        }
    },
    {
        "model": "courses.courseinstructor",
        "pk": 6,
        "fields": {
           "course_participant" : 6,
            "is_owner" : false
        }
    },

    {
        "model": "courses.participantpoint",
        "pk": 1,
        "fields": {
            "course_participant" : 1,
            "point_achieved" : 150
        }
    },
    {
        "model": "courses.participantpoint",
        "pk": 2,
        "fields": {
           "course_participant" : 2,
            "point_achieved" : 150
        }
    },
    {
        "model": "courses.participantpoint",
        "pk": 3,
        "fields": {
           "course_participant" : 3,
            "point_achieved" : 150
        }
    },
    {
        "model": "courses.participantpoint",
        "pk": 4,
        "fields": {
           "course_participant" : 4,
            "point_achieved" : 150
        }
    },
    {
        "model": "courses.participantpoint",
        "pk": 5,
        "fields": {
           "course_participant" : 5,
            "point_achieved" : 150
        }
    },
    {
        "model": "courses.participantpoint",
        "pk": 6,
        "fields": {
           "course_participant" : 6,
            "point_achieved" : 150
        }
    },





    {
        "model": "courses.coursesession",
        "pk": 1,
        "fields": {
            "course": 1,
            "name": "Sesi 1 Fisika SMA Kelas 10",
            "description": "Ini sesi 1 yang mempelajari mengenai astronomi dari planet-planet dan hukum gravitasi"
        }
    },
    {
        "model": "courses.coursesession",
        "pk": 2,
        "fields": {
            "course": 2,
            "name": "Sesi 1 Kimia SMA Kelas 10",
            "description": "Ini sesi 1 yang mempelajari mengenai hukum lavoiser"
        }
    },
    {
        "model": "courses.coursesession",
        "pk": 3,
        "fields": {
            "course": 3,
            "name": "Sesi 1 Matematika SMA Kelas 10",
            "description": "Ini sesi 1 matematika yang mempelajari mengenai deret aritmatika dan sistem persamaan linear"
        }
    }

]
